<?xml version="1.0" encoding="UTF-8"?>
<voterTransactionLog>
  <header>
    <origin>Test</origin>
    <originUniq>ev2.xml</originUniq>
    <date>2012-06-21T10:10:00Z</date>
  </header>
  <voterTransactionRecord>
    <date>2012-06-01T10:10:01Z</date>
    <voter>v2</voter>
    <vtype>UOCAVA</vtype>
    <action>match</action>
    <form><type>Voter Registration</type></form>
  </voterTransactionRecord>
  <voterTransactionRecord>
    <date>2012-06-01T10:10:02Z</date>
    <voter>v3</voter>
    <action>match</action>
    <form><type>Voter Record Update</type></form>
  </voterTransactionRecord>
  <voterTransactionRecord>
    <date>2012-06-01T10:10:03Z</date>
    <voter>v4</voter>
    <action>match</action>
    <form><type>Voter Record Update</type></form>
  </voterTransactionRecord>
</voterTransactionLog>
